name,image,price,url
Dugtrio,https://scrapeme.live/wp-content/uploads/2018/08/051-350x350.png,£111.00,https://scrapeme.live/shop/Dugtrio/
Meowth,https://scrapeme.live/wp-content/uploads/2018/08/052-350x350.png,£131.00,https://scrapeme.live/shop/Meowth/
Persian,https://scrapeme.live/wp-content/uploads/2018/08/053-350x350.png,£200.00,https://scrapeme.live/shop/Persian/
Psyduck,https://scrapeme.live/wp-content/uploads/2018/08/054-350x350.png,£182.00,https://scrapeme.live/shop/Psyduck/
Golduck,https://scrapeme.live/wp-content/uploads/2018/08/055-350x350.png,£31.00,https://scrapeme.live/shop/Golduck/
Mankey,https://scrapeme.live/wp-content/uploads/2018/08/056-350x350.png,£125.00,https://scrapeme.live/shop/Mankey/
Primeape,https://scrapeme.live/wp-content/uploads/2018/08/057-350x350.png,£86.00,https://scrapeme.live/shop/Primeape/
Growlithe,https://scrapeme.live/wp-content/uploads/2018/08/058-350x350.png,£30.00,https://scrapeme.live/shop/Growlithe/
Arcanine,https://scrapeme.live/wp-content/uploads/2018/08/059-350x350.png,£69.00,https://scrapeme.live/shop/Arcanine/
Poliwag,https://scrapeme.live/wp-content/uploads/2018/08/060-350x350.png,£174.00,https://scrapeme.live/shop/Poliwag/
Poliwhirl,https://scrapeme.live/wp-content/uploads/2018/08/061-350x350.png,£121.00,https://scrapeme.live/shop/Poliwhirl/
Poliwrath,https://scrapeme.live/wp-content/uploads/2018/08/062-350x350.png,£152.00,https://scrapeme.live/shop/Poliwrath/
Abra,https://scrapeme.live/wp-content/uploads/2018/08/063-350x350.png,£141.00,https://scrapeme.live/shop/Abra/
Kadabra,https://scrapeme.live/wp-content/uploads/2018/08/064-350x350.png,£129.00,https://scrapeme.live/shop/Kadabra/
Alakazam,https://scrapeme.live/wp-content/uploads/2018/08/065-350x350.png,£40.00,https://scrapeme.live/shop/Alakazam/
Machop,https://scrapeme.live/wp-content/uploads/2018/08/066-350x350.png,£166.00,https://scrapeme.live/shop/Machop/
Pidgeotto,https://scrapeme.live/wp-content/uploads/2018/08/017-350x350.png,£84.00,https://scrapeme.live/shop/Pidgeotto/
Pidgeot,https://scrapeme.live/wp-content/uploads/2018/08/018-350x350.png,£185.00,https://scrapeme.live/shop/Pidgeot/
Rattata,https://scrapeme.live/wp-content/uploads/2018/08/019-350x350.png,£128.00,https://scrapeme.live/shop/Rattata/
Raticate,https://scrapeme.live/wp-content/uploads/2018/08/020-350x350.png,£60.00,https://scrapeme.live/shop/Raticate/
Spearow,https://scrapeme.live/wp-content/uploads/2018/08/021-350x350.png,£133.00,https://scrapeme.live/shop/Spearow/
Fearow,https://scrapeme.live/wp-content/uploads/2018/08/022-350x350.png,£95.00,https://scrapeme.live/shop/Fearow/
Ekans,https://scrapeme.live/wp-content/uploads/2018/08/023-350x350.png,£55.00,https://scrapeme.live/shop/Ekans/
Arbok,https://scrapeme.live/wp-content/uploads/2018/08/024-350x350.png,£182.00,https://scrapeme.live/shop/Arbok/
Pikachu,https://scrapeme.live/wp-content/uploads/2018/08/025-350x350.png,£37.00,https://scrapeme.live/shop/Pikachu/
Raichu,https://scrapeme.live/wp-content/uploads/2018/08/026-350x350.png,£140.00,https://scrapeme.live/shop/Raichu/
Sandshrew,https://scrapeme.live/wp-content/uploads/2018/08/027-350x350.png,£82.00,https://scrapeme.live/shop/Sandshrew/
Sandslash,https://scrapeme.live/wp-content/uploads/2018/08/028-350x350.png,£155.00,https://scrapeme.live/shop/Sandslash/
Nidorina,https://scrapeme.live/wp-content/uploads/2018/08/030-350x350.png,£28.00,https://scrapeme.live/shop/Nidorina/
Nidoqueen,https://scrapeme.live/wp-content/uploads/2018/08/031-350x350.png,£106.00,https://scrapeme.live/shop/Nidoqueen/
Nidorino,https://scrapeme.live/wp-content/uploads/2018/08/033-350x350.png,£179.00,https://scrapeme.live/shop/Nidorino/
Nidoking,https://scrapeme.live/wp-content/uploads/2018/08/034-350x350.png,£31.00,https://scrapeme.live/shop/Nidoking/
Clefairy,https://scrapeme.live/wp-content/uploads/2018/08/035-350x350.png,£160.00,https://scrapeme.live/shop/Clefairy/
Clefable,https://scrapeme.live/wp-content/uploads/2018/08/036-350x350.png,£188.00,https://scrapeme.live/shop/Clefable/
Vulpix,https://scrapeme.live/wp-content/uploads/2018/08/037-350x350.png,£85.00,https://scrapeme.live/shop/Vulpix/
Ninetales,https://scrapeme.live/wp-content/uploads/2018/08/038-350x350.png,£52.00,https://scrapeme.live/shop/Ninetales/
Jigglypuff,https://scrapeme.live/wp-content/uploads/2018/08/039-350x350.png,£61.00,https://scrapeme.live/shop/Jigglypuff/
Wigglytuff,https://scrapeme.live/wp-content/uploads/2018/08/040-350x350.png,£130.00,https://scrapeme.live/shop/Wigglytuff/
Zubat,https://scrapeme.live/wp-content/uploads/2018/08/041-350x350.png,£125.00,https://scrapeme.live/shop/Zubat/
Golbat,https://scrapeme.live/wp-content/uploads/2018/08/042-350x350.png,£136.00,https://scrapeme.live/shop/Golbat/
Oddish,https://scrapeme.live/wp-content/uploads/2018/08/043-350x350.png,£45.00,https://scrapeme.live/shop/Oddish/
Gloom,https://scrapeme.live/wp-content/uploads/2018/08/044-350x350.png,£178.00,https://scrapeme.live/shop/Gloom/
Vileplume,https://scrapeme.live/wp-content/uploads/2018/08/045-350x350.png,£170.00,https://scrapeme.live/shop/Vileplume/
Paras,https://scrapeme.live/wp-content/uploads/2018/08/046-350x350.png,£168.00,https://scrapeme.live/shop/Paras/
Parasect,https://scrapeme.live/wp-content/uploads/2018/08/047-350x350.png,£27.00,https://scrapeme.live/shop/Parasect/
Venonat,https://scrapeme.live/wp-content/uploads/2018/08/048-350x350.png,£158.00,https://scrapeme.live/shop/Venonat/
Venomoth,https://scrapeme.live/wp-content/uploads/2018/08/049-350x350.png,£53.00,https://scrapeme.live/shop/Venomoth/
Diglett,https://scrapeme.live/wp-content/uploads/2018/08/050-350x350.png,£122.00,https://scrapeme.live/shop/Diglett/
Comfey,https://scrapeme.live/wp-content/uploads/2018/08/764-350x350.png,£28.00,https://scrapeme.live/shop/Comfey/
Oranguru,https://scrapeme.live/wp-content/uploads/2018/08/765-350x350.png,£139.00,https://scrapeme.live/shop/Oranguru/
Passimian,https://scrapeme.live/wp-content/uploads/2018/08/766-350x350.png,£182.00,https://scrapeme.live/shop/Passimian/
Wimpod,https://scrapeme.live/wp-content/uploads/2018/08/767-350x350.png,£137.00,https://scrapeme.live/shop/Wimpod/
Golisopod,https://scrapeme.live/wp-content/uploads/2018/08/768-350x350.png,£32.00,https://scrapeme.live/shop/Golisopod/
Sandygast,https://scrapeme.live/wp-content/uploads/2018/08/769-350x350.png,£131.00,https://scrapeme.live/shop/Sandygast/
Palossand,https://scrapeme.live/wp-content/uploads/2018/08/770-350x350.png,£187.00,https://scrapeme.live/shop/Palossand/
Pyukumuku,https://scrapeme.live/wp-content/uploads/2018/08/771-350x350.png,£97.00,https://scrapeme.live/shop/Pyukumuku/
Silvally,https://scrapeme.live/wp-content/uploads/2018/08/773-350x350.png,£133.00,https://scrapeme.live/shop/Silvally/
Komala,https://scrapeme.live/wp-content/uploads/2018/08/775-350x350.png,£65.00,https://scrapeme.live/shop/Komala/
Turtonator,https://scrapeme.live/wp-content/uploads/2018/08/776-350x350.png,£117.00,https://scrapeme.live/shop/Turtonator/
Togedemaru,https://scrapeme.live/wp-content/uploads/2018/08/777-350x350.png,£45.00,https://scrapeme.live/shop/Togedemaru/
Drampa,https://scrapeme.live/wp-content/uploads/2018/08/780-350x350.png,£133.00,https://scrapeme.live/shop/Drampa/
Jangmo-o,https://scrapeme.live/wp-content/uploads/2018/08/782-350x350.png,£107.00,https://scrapeme.live/shop/Jangmo-o/
Hakamo-o,https://scrapeme.live/wp-content/uploads/2018/08/783-350x350.png,£57.00,https://scrapeme.live/shop/Hakamo-o/
Kommo-o,https://scrapeme.live/wp-content/uploads/2018/08/784-350x350.png,£170.00,https://scrapeme.live/shop/Kommo-o/
Tapu-koko,https://scrapeme.live/wp-content/uploads/2018/08/785-350x350.png,£159.00,https://scrapeme.live/shop/Tapu-koko/
Tapu-lele,https://scrapeme.live/wp-content/uploads/2018/08/786-350x350.png,£62.00,https://scrapeme.live/shop/Tapu-lele/
Tapu-bulu,https://scrapeme.live/wp-content/uploads/2018/08/787-350x350.png,£165.00,https://scrapeme.live/shop/Tapu-bulu/
Tapu-fini,https://scrapeme.live/wp-content/uploads/2018/08/788-350x350.png,£123.00,https://scrapeme.live/shop/Tapu-fini/
Solgaleo,https://scrapeme.live/wp-content/uploads/2018/08/791-350x350.png,£125.00,https://scrapeme.live/shop/Solgaleo/
Lunala,https://scrapeme.live/wp-content/uploads/2018/08/792-350x350.png,£58.00,https://scrapeme.live/shop/Lunala/
Nihilego,https://scrapeme.live/wp-content/uploads/2018/08/793-350x350.png,£67.00,https://scrapeme.live/shop/Nihilego/
Buzzwole,https://scrapeme.live/wp-content/uploads/2018/08/794-350x350.png,£172.00,https://scrapeme.live/shop/Buzzwole/
Pheromosa,https://scrapeme.live/wp-content/uploads/2018/08/795-350x350.png,£62.00,https://scrapeme.live/shop/Pheromosa/
Xurkitree,https://scrapeme.live/wp-content/uploads/2018/08/796-350x350.png,£174.00,https://scrapeme.live/shop/Xurkitree/
Celesteela,https://scrapeme.live/wp-content/uploads/2018/08/797-350x350.png,£151.00,https://scrapeme.live/shop/Celesteela/
Kartana,https://scrapeme.live/wp-content/uploads/2018/08/798-350x350.png,£197.00,https://scrapeme.live/shop/Kartana/
Guzzlord,https://scrapeme.live/wp-content/uploads/2018/08/799-350x350.png,£73.00,https://scrapeme.live/shop/Guzzlord/
Necrozma,https://scrapeme.live/wp-content/uploads/2018/08/800-350x350.png,£68.00,https://scrapeme.live/shop/Necrozma/
Marshadow,https://scrapeme.live/wp-content/uploads/2018/08/802-350x350.png,£107.00,https://scrapeme.live/shop/Marshadow/
Poipole,https://scrapeme.live/wp-content/uploads/2018/08/803-350x350.png,£130.00,https://scrapeme.live/shop/Poipole/
Naganadel,https://scrapeme.live/wp-content/uploads/2018/08/804-350x350.png,£30.00,https://scrapeme.live/shop/Naganadel/
Stakataka,https://scrapeme.live/wp-content/uploads/2018/08/805-350x350.png,£190.00,https://scrapeme.live/shop/Stakataka/
Blacephalon,https://scrapeme.live/wp-content/uploads/2018/08/806-350x350.png,£149.00,https://scrapeme.live/shop/Blacephalon/
Farfetchd,https://scrapeme.live/wp-content/uploads/2018/08/083-350x350.png,£185.00,https://scrapeme.live/shop/Farfetchd/
Doduo,https://scrapeme.live/wp-content/uploads/2018/08/084-350x350.png,£73.00,https://scrapeme.live/shop/Doduo/
Dodrio,https://scrapeme.live/wp-content/uploads/2018/08/085-350x350.png,£138.00,https://scrapeme.live/shop/Dodrio/
Seel,https://scrapeme.live/wp-content/uploads/2018/08/086-350x350.png,£164.00,https://scrapeme.live/shop/Seel/
Dewgong,https://scrapeme.live/wp-content/uploads/2018/08/087-350x350.png,£70.00,https://scrapeme.live/shop/Dewgong/
Grimer,https://scrapeme.live/wp-content/uploads/2018/08/088-350x350.png,£147.00,https://scrapeme.live/shop/Grimer/
Muk,https://scrapeme.live/wp-content/uploads/2018/08/089-350x350.png,£187.00,https://scrapeme.live/shop/Muk/
Shellder,https://scrapeme.live/wp-content/uploads/2018/08/090-350x350.png,£138.00,https://scrapeme.live/shop/Shellder/
Cloyster,https://scrapeme.live/wp-content/uploads/2018/08/091-350x350.png,£199.00,https://scrapeme.live/shop/Cloyster/
Gastly,https://scrapeme.live/wp-content/uploads/2018/08/092-350x350.png,£179.00,https://scrapeme.live/shop/Gastly/
Haunter,https://scrapeme.live/wp-content/uploads/2018/08/093-350x350.png,£42.00,https://scrapeme.live/shop/Haunter/
Gengar,https://scrapeme.live/wp-content/uploads/2018/08/094-350x350.png,£149.00,https://scrapeme.live/shop/Gengar/
Onix,https://scrapeme.live/wp-content/uploads/2018/08/095-350x350.png,£37.00,https://scrapeme.live/shop/Onix/
Drowzee,https://scrapeme.live/wp-content/uploads/2018/08/096-350x350.png,£40.00,https://scrapeme.live/shop/Drowzee/
Hypno,https://scrapeme.live/wp-content/uploads/2018/08/097-350x350.png,£198.00,https://scrapeme.live/shop/Hypno/
Krabby,https://scrapeme.live/wp-content/uploads/2018/08/098-350x350.png,£64.00,https://scrapeme.live/shop/Krabby/
Kingler,https://scrapeme.live/wp-content/uploads/2018/08/099-350x350.png,£72.00,https://scrapeme.live/shop/Kingler/
Voltorb,https://scrapeme.live/wp-content/uploads/2018/08/100-350x350.png,£189.00,https://scrapeme.live/shop/Voltorb/
Electrode,https://scrapeme.live/wp-content/uploads/2018/08/101-350x350.png,£100.00,https://scrapeme.live/shop/Electrode/
Exeggcute,https://scrapeme.live/wp-content/uploads/2018/08/102-350x350.png,£126.00,https://scrapeme.live/shop/Exeggcute/
Exeggutor,https://scrapeme.live/wp-content/uploads/2018/08/103-350x350.png,£68.00,https://scrapeme.live/shop/Exeggutor/
Cubone,https://scrapeme.live/wp-content/uploads/2018/08/104-350x350.png,£177.00,https://scrapeme.live/shop/Cubone/
Marowak,https://scrapeme.live/wp-content/uploads/2018/08/105-350x350.png,£36.00,https://scrapeme.live/shop/Marowak/
Hitmonlee,https://scrapeme.live/wp-content/uploads/2018/08/106-350x350.png,£73.00,https://scrapeme.live/shop/Hitmonlee/
Hitmonchan,https://scrapeme.live/wp-content/uploads/2018/08/107-350x350.png,£91.00,https://scrapeme.live/shop/Hitmonchan/
Lickitung,https://scrapeme.live/wp-content/uploads/2018/08/108-350x350.png,£142.00,https://scrapeme.live/shop/Lickitung/
Koffing,https://scrapeme.live/wp-content/uploads/2018/08/109-350x350.png,£38.00,https://scrapeme.live/shop/Koffing/
Weezing,https://scrapeme.live/wp-content/uploads/2018/08/110-350x350.png,£48.00,https://scrapeme.live/shop/Weezing/
Rhyhorn,https://scrapeme.live/wp-content/uploads/2018/08/111-350x350.png,£124.00,https://scrapeme.live/shop/Rhyhorn/
Rhydon,https://scrapeme.live/wp-content/uploads/2018/08/112-350x350.png,£27.00,https://scrapeme.live/shop/Rhydon/
Chansey,https://scrapeme.live/wp-content/uploads/2018/08/113-350x350.png,£176.00,https://scrapeme.live/shop/Chansey/
Tangela,https://scrapeme.live/wp-content/uploads/2018/08/114-350x350.png,£64.00,https://scrapeme.live/shop/Tangela/
Machoke,https://scrapeme.live/wp-content/uploads/2018/08/067-350x350.png,£27.00,https://scrapeme.live/shop/Machoke/
Machamp,https://scrapeme.live/wp-content/uploads/2018/08/068-350x350.png,£121.00,https://scrapeme.live/shop/Machamp/
Bellsprout,https://scrapeme.live/wp-content/uploads/2018/08/069-350x350.png,£74.00,https://scrapeme.live/shop/Bellsprout/
Weepinbell,https://scrapeme.live/wp-content/uploads/2018/08/070-350x350.png,£26.00,https://scrapeme.live/shop/Weepinbell/
Victreebel,https://scrapeme.live/wp-content/uploads/2018/08/071-350x350.png,£68.00,https://scrapeme.live/shop/Victreebel/
Tentacool,https://scrapeme.live/wp-content/uploads/2018/08/072-350x350.png,£186.00,https://scrapeme.live/shop/Tentacool/
Tentacruel,https://scrapeme.live/wp-content/uploads/2018/08/073-350x350.png,£65.00,https://scrapeme.live/shop/Tentacruel/
Geodude,https://scrapeme.live/wp-content/uploads/2018/08/074-350x350.png,£32.00,https://scrapeme.live/shop/Geodude/
Graveler,https://scrapeme.live/wp-content/uploads/2018/08/075-350x350.png,£182.00,https://scrapeme.live/shop/Graveler/
Golem,https://scrapeme.live/wp-content/uploads/2018/08/076-350x350.png,£103.00,https://scrapeme.live/shop/Golem/
Ponyta,https://scrapeme.live/wp-content/uploads/2018/08/077-350x350.png,£53.00,https://scrapeme.live/shop/Ponyta/
Rapidash,https://scrapeme.live/wp-content/uploads/2018/08/078-350x350.png,£98.00,https://scrapeme.live/shop/Rapidash/
Slowpoke,https://scrapeme.live/wp-content/uploads/2018/08/079-350x350.png,£109.00,https://scrapeme.live/shop/Slowpoke/
Slowbro,https://scrapeme.live/wp-content/uploads/2018/08/080-350x350.png,£179.00,https://scrapeme.live/shop/Slowbro/
Magnemite,https://scrapeme.live/wp-content/uploads/2018/08/081-350x350.png,£100.00,https://scrapeme.live/shop/Magnemite/
Magneton,https://scrapeme.live/wp-content/uploads/2018/08/082-350x350.png,£191.00,https://scrapeme.live/shop/Magneton/
Dugtrio,https://scrapeme.live/wp-content/uploads/2018/08/051-350x350.png,£111.00,https://scrapeme.live/shop/Dugtrio/
Meowth,https://scrapeme.live/wp-content/uploads/2018/08/052-350x350.png,£131.00,https://scrapeme.live/shop/Meowth/
Persian,https://scrapeme.live/wp-content/uploads/2018/08/053-350x350.png,£200.00,https://scrapeme.live/shop/Persian/
Psyduck,https://scrapeme.live/wp-content/uploads/2018/08/054-350x350.png,£182.00,https://scrapeme.live/shop/Psyduck/
Golduck,https://scrapeme.live/wp-content/uploads/2018/08/055-350x350.png,£31.00,https://scrapeme.live/shop/Golduck/
Mankey,https://scrapeme.live/wp-content/uploads/2018/08/056-350x350.png,£125.00,https://scrapeme.live/shop/Mankey/
Primeape,https://scrapeme.live/wp-content/uploads/2018/08/057-350x350.png,£86.00,https://scrapeme.live/shop/Primeape/
Growlithe,https://scrapeme.live/wp-content/uploads/2018/08/058-350x350.png,£30.00,https://scrapeme.live/shop/Growlithe/
Arcanine,https://scrapeme.live/wp-content/uploads/2018/08/059-350x350.png,£69.00,https://scrapeme.live/shop/Arcanine/
Poliwag,https://scrapeme.live/wp-content/uploads/2018/08/060-350x350.png,£174.00,https://scrapeme.live/shop/Poliwag/
Poliwhirl,https://scrapeme.live/wp-content/uploads/2018/08/061-350x350.png,£121.00,https://scrapeme.live/shop/Poliwhirl/
Poliwrath,https://scrapeme.live/wp-content/uploads/2018/08/062-350x350.png,£152.00,https://scrapeme.live/shop/Poliwrath/
Abra,https://scrapeme.live/wp-content/uploads/2018/08/063-350x350.png,£141.00,https://scrapeme.live/shop/Abra/
Kadabra,https://scrapeme.live/wp-content/uploads/2018/08/064-350x350.png,£129.00,https://scrapeme.live/shop/Kadabra/
Alakazam,https://scrapeme.live/wp-content/uploads/2018/08/065-350x350.png,£40.00,https://scrapeme.live/shop/Alakazam/
Machop,https://scrapeme.live/wp-content/uploads/2018/08/066-350x350.png,£166.00,https://scrapeme.live/shop/Machop/
Dugtrio,https://scrapeme.live/wp-content/uploads/2018/08/051-350x350.png,£111.00,https://scrapeme.live/shop/Dugtrio/
Meowth,https://scrapeme.live/wp-content/uploads/2018/08/052-350x350.png,£131.00,https://scrapeme.live/shop/Meowth/
Persian,https://scrapeme.live/wp-content/uploads/2018/08/053-350x350.png,£200.00,https://scrapeme.live/shop/Persian/
Psyduck,https://scrapeme.live/wp-content/uploads/2018/08/054-350x350.png,£182.00,https://scrapeme.live/shop/Psyduck/
Golduck,https://scrapeme.live/wp-content/uploads/2018/08/055-350x350.png,£31.00,https://scrapeme.live/shop/Golduck/
Mankey,https://scrapeme.live/wp-content/uploads/2018/08/056-350x350.png,£125.00,https://scrapeme.live/shop/Mankey/
Primeape,https://scrapeme.live/wp-content/uploads/2018/08/057-350x350.png,£86.00,https://scrapeme.live/shop/Primeape/
Growlithe,https://scrapeme.live/wp-content/uploads/2018/08/058-350x350.png,£30.00,https://scrapeme.live/shop/Growlithe/
Arcanine,https://scrapeme.live/wp-content/uploads/2018/08/059-350x350.png,£69.00,https://scrapeme.live/shop/Arcanine/
Poliwag,https://scrapeme.live/wp-content/uploads/2018/08/060-350x350.png,£174.00,https://scrapeme.live/shop/Poliwag/
Poliwhirl,https://scrapeme.live/wp-content/uploads/2018/08/061-350x350.png,£121.00,https://scrapeme.live/shop/Poliwhirl/
Poliwrath,https://scrapeme.live/wp-content/uploads/2018/08/062-350x350.png,£152.00,https://scrapeme.live/shop/Poliwrath/
Abra,https://scrapeme.live/wp-content/uploads/2018/08/063-350x350.png,£141.00,https://scrapeme.live/shop/Abra/
Kadabra,https://scrapeme.live/wp-content/uploads/2018/08/064-350x350.png,£129.00,https://scrapeme.live/shop/Kadabra/
Alakazam,https://scrapeme.live/wp-content/uploads/2018/08/065-350x350.png,£40.00,https://scrapeme.live/shop/Alakazam/
Machop,https://scrapeme.live/wp-content/uploads/2018/08/066-350x350.png,£166.00,https://scrapeme.live/shop/Machop/
Dugtrio,https://scrapeme.live/wp-content/uploads/2018/08/051-350x350.png,£111.00,https://scrapeme.live/shop/Dugtrio/
Meowth,https://scrapeme.live/wp-content/uploads/2018/08/052-350x350.png,£131.00,https://scrapeme.live/shop/Meowth/
Persian,https://scrapeme.live/wp-content/uploads/2018/08/053-350x350.png,£200.00,https://scrapeme.live/shop/Persian/
Psyduck,https://scrapeme.live/wp-content/uploads/2018/08/054-350x350.png,£182.00,https://scrapeme.live/shop/Psyduck/
Golduck,https://scrapeme.live/wp-content/uploads/2018/08/055-350x350.png,£31.00,https://scrapeme.live/shop/Golduck/
Mankey,https://scrapeme.live/wp-content/uploads/2018/08/056-350x350.png,£125.00,https://scrapeme.live/shop/Mankey/
Primeape,https://scrapeme.live/wp-content/uploads/2018/08/057-350x350.png,£86.00,https://scrapeme.live/shop/Primeape/
Growlithe,https://scrapeme.live/wp-content/uploads/2018/08/058-350x350.png,£30.00,https://scrapeme.live/shop/Growlithe/
Arcanine,https://scrapeme.live/wp-content/uploads/2018/08/059-350x350.png,£69.00,https://scrapeme.live/shop/Arcanine/
Poliwag,https://scrapeme.live/wp-content/uploads/2018/08/060-350x350.png,£174.00,https://scrapeme.live/shop/Poliwag/
Poliwhirl,https://scrapeme.live/wp-content/uploads/2018/08/061-350x350.png,£121.00,https://scrapeme.live/shop/Poliwhirl/
Poliwrath,https://scrapeme.live/wp-content/uploads/2018/08/062-350x350.png,£152.00,https://scrapeme.live/shop/Poliwrath/
Abra,https://scrapeme.live/wp-content/uploads/2018/08/063-350x350.png,£141.00,https://scrapeme.live/shop/Abra/
Kadabra,https://scrapeme.live/wp-content/uploads/2018/08/064-350x350.png,£129.00,https://scrapeme.live/shop/Kadabra/
Alakazam,https://scrapeme.live/wp-content/uploads/2018/08/065-350x350.png,£40.00,https://scrapeme.live/shop/Alakazam/
Machop,https://scrapeme.live/wp-content/uploads/2018/08/066-350x350.png,£166.00,https://scrapeme.live/shop/Machop/
Dugtrio,https://scrapeme.live/wp-content/uploads/2018/08/051-350x350.png,£111.00,https://scrapeme.live/shop/Dugtrio/
Meowth,https://scrapeme.live/wp-content/uploads/2018/08/052-350x350.png,£131.00,https://scrapeme.live/shop/Meowth/
Persian,https://scrapeme.live/wp-content/uploads/2018/08/053-350x350.png,£200.00,https://scrapeme.live/shop/Persian/
Psyduck,https://scrapeme.live/wp-content/uploads/2018/08/054-350x350.png,£182.00,https://scrapeme.live/shop/Psyduck/
Golduck,https://scrapeme.live/wp-content/uploads/2018/08/055-350x350.png,£31.00,https://scrapeme.live/shop/Golduck/
Mankey,https://scrapeme.live/wp-content/uploads/2018/08/056-350x350.png,£125.00,https://scrapeme.live/shop/Mankey/
Primeape,https://scrapeme.live/wp-content/uploads/2018/08/057-350x350.png,£86.00,https://scrapeme.live/shop/Primeape/
Growlithe,https://scrapeme.live/wp-content/uploads/2018/08/058-350x350.png,£30.00,https://scrapeme.live/shop/Growlithe/
Arcanine,https://scrapeme.live/wp-content/uploads/2018/08/059-350x350.png,£69.00,https://scrapeme.live/shop/Arcanine/
Poliwag,https://scrapeme.live/wp-content/uploads/2018/08/060-350x350.png,£174.00,https://scrapeme.live/shop/Poliwag/
Poliwhirl,https://scrapeme.live/wp-content/uploads/2018/08/061-350x350.png,£121.00,https://scrapeme.live/shop/Poliwhirl/
Poliwrath,https://scrapeme.live/wp-content/uploads/2018/08/062-350x350.png,£152.00,https://scrapeme.live/shop/Poliwrath/
Abra,https://scrapeme.live/wp-content/uploads/2018/08/063-350x350.png,£141.00,https://scrapeme.live/shop/Abra/
Kadabra,https://scrapeme.live/wp-content/uploads/2018/08/064-350x350.png,£129.00,https://scrapeme.live/shop/Kadabra/
Alakazam,https://scrapeme.live/wp-content/uploads/2018/08/065-350x350.png,£40.00,https://scrapeme.live/shop/Alakazam/
Machop,https://scrapeme.live/wp-content/uploads/2018/08/066-350x350.png,£166.00,https://scrapeme.live/shop/Machop/
Dugtrio,https://scrapeme.live/wp-content/uploads/2018/08/051-350x350.png,£111.00,https://scrapeme.live/shop/Dugtrio/
Meowth,https://scrapeme.live/wp-content/uploads/2018/08/052-350x350.png,£131.00,https://scrapeme.live/shop/Meowth/
Persian,https://scrapeme.live/wp-content/uploads/2018/08/053-350x350.png,£200.00,https://scrapeme.live/shop/Persian/
Psyduck,https://scrapeme.live/wp-content/uploads/2018/08/054-350x350.png,£182.00,https://scrapeme.live/shop/Psyduck/
Golduck,https://scrapeme.live/wp-content/uploads/2018/08/055-350x350.png,£31.00,https://scrapeme.live/shop/Golduck/
Mankey,https://scrapeme.live/wp-content/uploads/2018/08/056-350x350.png,£125.00,https://scrapeme.live/shop/Mankey/
Primeape,https://scrapeme.live/wp-content/uploads/2018/08/057-350x350.png,£86.00,https://scrapeme.live/shop/Primeape/
Growlithe,https://scrapeme.live/wp-content/uploads/2018/08/058-350x350.png,£30.00,https://scrapeme.live/shop/Growlithe/
Arcanine,https://scrapeme.live/wp-content/uploads/2018/08/059-350x350.png,£69.00,https://scrapeme.live/shop/Arcanine/
Poliwag,https://scrapeme.live/wp-content/uploads/2018/08/060-350x350.png,£174.00,https://scrapeme.live/shop/Poliwag/
Poliwhirl,https://scrapeme.live/wp-content/uploads/2018/08/061-350x350.png,£121.00,https://scrapeme.live/shop/Poliwhirl/
Poliwrath,https://scrapeme.live/wp-content/uploads/2018/08/062-350x350.png,£152.00,https://scrapeme.live/shop/Poliwrath/
Abra,https://scrapeme.live/wp-content/uploads/2018/08/063-350x350.png,£141.00,https://scrapeme.live/shop/Abra/
Kadabra,https://scrapeme.live/wp-content/uploads/2018/08/064-350x350.png,£129.00,https://scrapeme.live/shop/Kadabra/
Alakazam,https://scrapeme.live/wp-content/uploads/2018/08/065-350x350.png,£40.00,https://scrapeme.live/shop/Alakazam/
Machop,https://scrapeme.live/wp-content/uploads/2018/08/066-350x350.png,£166.00,https://scrapeme.live/shop/Machop/
Dugtrio,https://scrapeme.live/wp-content/uploads/2018/08/051-350x350.png,£111.00,https://scrapeme.live/shop/Dugtrio/
Meowth,https://scrapeme.live/wp-content/uploads/2018/08/052-350x350.png,£131.00,https://scrapeme.live/shop/Meowth/
Persian,https://scrapeme.live/wp-content/uploads/2018/08/053-350x350.png,£200.00,https://scrapeme.live/shop/Persian/
Psyduck,https://scrapeme.live/wp-content/uploads/2018/08/054-350x350.png,£182.00,https://scrapeme.live/shop/Psyduck/
Golduck,https://scrapeme.live/wp-content/uploads/2018/08/055-350x350.png,£31.00,https://scrapeme.live/shop/Golduck/
Mankey,https://scrapeme.live/wp-content/uploads/2018/08/056-350x350.png,£125.00,https://scrapeme.live/shop/Mankey/
Primeape,https://scrapeme.live/wp-content/uploads/2018/08/057-350x350.png,£86.00,https://scrapeme.live/shop/Primeape/
Growlithe,https://scrapeme.live/wp-content/uploads/2018/08/058-350x350.png,£30.00,https://scrapeme.live/shop/Growlithe/
Arcanine,https://scrapeme.live/wp-content/uploads/2018/08/059-350x350.png,£69.00,https://scrapeme.live/shop/Arcanine/
Poliwag,https://scrapeme.live/wp-content/uploads/2018/08/060-350x350.png,£174.00,https://scrapeme.live/shop/Poliwag/
Poliwhirl,https://scrapeme.live/wp-content/uploads/2018/08/061-350x350.png,£121.00,https://scrapeme.live/shop/Poliwhirl/
Poliwrath,https://scrapeme.live/wp-content/uploads/2018/08/062-350x350.png,£152.00,https://scrapeme.live/shop/Poliwrath/
Abra,https://scrapeme.live/wp-content/uploads/2018/08/063-350x350.png,£141.00,https://scrapeme.live/shop/Abra/
Kadabra,https://scrapeme.live/wp-content/uploads/2018/08/064-350x350.png,£129.00,https://scrapeme.live/shop/Kadabra/
Alakazam,https://scrapeme.live/wp-content/uploads/2018/08/065-350x350.png,£40.00,https://scrapeme.live/shop/Alakazam/
Machop,https://scrapeme.live/wp-content/uploads/2018/08/066-350x350.png,£166.00,https://scrapeme.live/shop/Machop/
Dugtrio,https://scrapeme.live/wp-content/uploads/2018/08/051-350x350.png,£111.00,https://scrapeme.live/shop/Dugtrio/
Meowth,https://scrapeme.live/wp-content/uploads/2018/08/052-350x350.png,£131.00,https://scrapeme.live/shop/Meowth/
Persian,https://scrapeme.live/wp-content/uploads/2018/08/053-350x350.png,£200.00,https://scrapeme.live/shop/Persian/
Psyduck,https://scrapeme.live/wp-content/uploads/2018/08/054-350x350.png,£182.00,https://scrapeme.live/shop/Psyduck/
Golduck,https://scrapeme.live/wp-content/uploads/2018/08/055-350x350.png,£31.00,https://scrapeme.live/shop/Golduck/
Mankey,https://scrapeme.live/wp-content/uploads/2018/08/056-350x350.png,£125.00,https://scrapeme.live/shop/Mankey/
Primeape,https://scrapeme.live/wp-content/uploads/2018/08/057-350x350.png,£86.00,https://scrapeme.live/shop/Primeape/
Growlithe,https://scrapeme.live/wp-content/uploads/2018/08/058-350x350.png,£30.00,https://scrapeme.live/shop/Growlithe/
Arcanine,https://scrapeme.live/wp-content/uploads/2018/08/059-350x350.png,£69.00,https://scrapeme.live/shop/Arcanine/
Poliwag,https://scrapeme.live/wp-content/uploads/2018/08/060-350x350.png,£174.00,https://scrapeme.live/shop/Poliwag/
Poliwhirl,https://scrapeme.live/wp-content/uploads/2018/08/061-350x350.png,£121.00,https://scrapeme.live/shop/Poliwhirl/
Poliwrath,https://scrapeme.live/wp-content/uploads/2018/08/062-350x350.png,£152.00,https://scrapeme.live/shop/Poliwrath/
Abra,https://scrapeme.live/wp-content/uploads/2018/08/063-350x350.png,£141.00,https://scrapeme.live/shop/Abra/
Kadabra,https://scrapeme.live/wp-content/uploads/2018/08/064-350x350.png,£129.00,https://scrapeme.live/shop/Kadabra/
Alakazam,https://scrapeme.live/wp-content/uploads/2018/08/065-350x350.png,£40.00,https://scrapeme.live/shop/Alakazam/
Machop,https://scrapeme.live/wp-content/uploads/2018/08/066-350x350.png,£166.00,https://scrapeme.live/shop/Machop/
Dugtrio,https://scrapeme.live/wp-content/uploads/2018/08/051-350x350.png,£111.00,https://scrapeme.live/shop/Dugtrio/
Meowth,https://scrapeme.live/wp-content/uploads/2018/08/052-350x350.png,£131.00,https://scrapeme.live/shop/Meowth/
Persian,https://scrapeme.live/wp-content/uploads/2018/08/053-350x350.png,£200.00,https://scrapeme.live/shop/Persian/
Psyduck,https://scrapeme.live/wp-content/uploads/2018/08/054-350x350.png,£182.00,https://scrapeme.live/shop/Psyduck/
Golduck,https://scrapeme.live/wp-content/uploads/2018/08/055-350x350.png,£31.00,https://scrapeme.live/shop/Golduck/
Mankey,https://scrapeme.live/wp-content/uploads/2018/08/056-350x350.png,£125.00,https://scrapeme.live/shop/Mankey/
Primeape,https://scrapeme.live/wp-content/uploads/2018/08/057-350x350.png,£86.00,https://scrapeme.live/shop/Primeape/
Growlithe,https://scrapeme.live/wp-content/uploads/2018/08/058-350x350.png,£30.00,https://scrapeme.live/shop/Growlithe/
Arcanine,https://scrapeme.live/wp-content/uploads/2018/08/059-350x350.png,£69.00,https://scrapeme.live/shop/Arcanine/
Poliwag,https://scrapeme.live/wp-content/uploads/2018/08/060-350x350.png,£174.00,https://scrapeme.live/shop/Poliwag/
Poliwhirl,https://scrapeme.live/wp-content/uploads/2018/08/061-350x350.png,£121.00,https://scrapeme.live/shop/Poliwhirl/
Poliwrath,https://scrapeme.live/wp-content/uploads/2018/08/062-350x350.png,£152.00,https://scrapeme.live/shop/Poliwrath/
Abra,https://scrapeme.live/wp-content/uploads/2018/08/063-350x350.png,£141.00,https://scrapeme.live/shop/Abra/
Kadabra,https://scrapeme.live/wp-content/uploads/2018/08/064-350x350.png,£129.00,https://scrapeme.live/shop/Kadabra/
Alakazam,https://scrapeme.live/wp-content/uploads/2018/08/065-350x350.png,£40.00,https://scrapeme.live/shop/Alakazam/
Machop,https://scrapeme.live/wp-content/uploads/2018/08/066-350x350.png,£166.00,https://scrapeme.live/shop/Machop/
Pidgeotto,https://scrapeme.live/wp-content/uploads/2018/08/017-350x350.png,£84.00,https://scrapeme.live/shop/Pidgeotto/
Pidgeot,https://scrapeme.live/wp-content/uploads/2018/08/018-350x350.png,£185.00,https://scrapeme.live/shop/Pidgeot/
Rattata,https://scrapeme.live/wp-content/uploads/2018/08/019-350x350.png,£128.00,https://scrapeme.live/shop/Rattata/
Raticate,https://scrapeme.live/wp-content/uploads/2018/08/020-350x350.png,£60.00,https://scrapeme.live/shop/Raticate/
Spearow,https://scrapeme.live/wp-content/uploads/2018/08/021-350x350.png,£133.00,https://scrapeme.live/shop/Spearow/
Fearow,https://scrapeme.live/wp-content/uploads/2018/08/022-350x350.png,£95.00,https://scrapeme.live/shop/Fearow/
Ekans,https://scrapeme.live/wp-content/uploads/2018/08/023-350x350.png,£55.00,https://scrapeme.live/shop/Ekans/
Arbok,https://scrapeme.live/wp-content/uploads/2018/08/024-350x350.png,£182.00,https://scrapeme.live/shop/Arbok/
Pikachu,https://scrapeme.live/wp-content/uploads/2018/08/025-350x350.png,£37.00,https://scrapeme.live/shop/Pikachu/
Raichu,https://scrapeme.live/wp-content/uploads/2018/08/026-350x350.png,£140.00,https://scrapeme.live/shop/Raichu/
Sandshrew,https://scrapeme.live/wp-content/uploads/2018/08/027-350x350.png,£82.00,https://scrapeme.live/shop/Sandshrew/
Sandslash,https://scrapeme.live/wp-content/uploads/2018/08/028-350x350.png,£155.00,https://scrapeme.live/shop/Sandslash/
Nidorina,https://scrapeme.live/wp-content/uploads/2018/08/030-350x350.png,£28.00,https://scrapeme.live/shop/Nidorina/
Nidoqueen,https://scrapeme.live/wp-content/uploads/2018/08/031-350x350.png,£106.00,https://scrapeme.live/shop/Nidoqueen/
Nidorino,https://scrapeme.live/wp-content/uploads/2018/08/033-350x350.png,£179.00,https://scrapeme.live/shop/Nidorino/
Nidoking,https://scrapeme.live/wp-content/uploads/2018/08/034-350x350.png,£31.00,https://scrapeme.live/shop/Nidoking/
Pidgeotto,https://scrapeme.live/wp-content/uploads/2018/08/017-350x350.png,£84.00,https://scrapeme.live/shop/Pidgeotto/
Pidgeot,https://scrapeme.live/wp-content/uploads/2018/08/018-350x350.png,£185.00,https://scrapeme.live/shop/Pidgeot/
Rattata,https://scrapeme.live/wp-content/uploads/2018/08/019-350x350.png,£128.00,https://scrapeme.live/shop/Rattata/
Raticate,https://scrapeme.live/wp-content/uploads/2018/08/020-350x350.png,£60.00,https://scrapeme.live/shop/Raticate/
Spearow,https://scrapeme.live/wp-content/uploads/2018/08/021-350x350.png,£133.00,https://scrapeme.live/shop/Spearow/
Fearow,https://scrapeme.live/wp-content/uploads/2018/08/022-350x350.png,£95.00,https://scrapeme.live/shop/Fearow/
Ekans,https://scrapeme.live/wp-content/uploads/2018/08/023-350x350.png,£55.00,https://scrapeme.live/shop/Ekans/
Arbok,https://scrapeme.live/wp-content/uploads/2018/08/024-350x350.png,£182.00,https://scrapeme.live/shop/Arbok/
Pikachu,https://scrapeme.live/wp-content/uploads/2018/08/025-350x350.png,£37.00,https://scrapeme.live/shop/Pikachu/
Raichu,https://scrapeme.live/wp-content/uploads/2018/08/026-350x350.png,£140.00,https://scrapeme.live/shop/Raichu/
Sandshrew,https://scrapeme.live/wp-content/uploads/2018/08/027-350x350.png,£82.00,https://scrapeme.live/shop/Sandshrew/
Sandslash,https://scrapeme.live/wp-content/uploads/2018/08/028-350x350.png,£155.00,https://scrapeme.live/shop/Sandslash/
Nidorina,https://scrapeme.live/wp-content/uploads/2018/08/030-350x350.png,£28.00,https://scrapeme.live/shop/Nidorina/
Nidoqueen,https://scrapeme.live/wp-content/uploads/2018/08/031-350x350.png,£106.00,https://scrapeme.live/shop/Nidoqueen/
Nidorino,https://scrapeme.live/wp-content/uploads/2018/08/033-350x350.png,£179.00,https://scrapeme.live/shop/Nidorino/
Nidoking,https://scrapeme.live/wp-content/uploads/2018/08/034-350x350.png,£31.00,https://scrapeme.live/shop/Nidoking/
Clefairy,https://scrapeme.live/wp-content/uploads/2018/08/035-350x350.png,£160.00,https://scrapeme.live/shop/Clefairy/
Clefable,https://scrapeme.live/wp-content/uploads/2018/08/036-350x350.png,£188.00,https://scrapeme.live/shop/Clefable/
Vulpix,https://scrapeme.live/wp-content/uploads/2018/08/037-350x350.png,£85.00,https://scrapeme.live/shop/Vulpix/
Ninetales,https://scrapeme.live/wp-content/uploads/2018/08/038-350x350.png,£52.00,https://scrapeme.live/shop/Ninetales/
Jigglypuff,https://scrapeme.live/wp-content/uploads/2018/08/039-350x350.png,£61.00,https://scrapeme.live/shop/Jigglypuff/
Wigglytuff,https://scrapeme.live/wp-content/uploads/2018/08/040-350x350.png,£130.00,https://scrapeme.live/shop/Wigglytuff/
Zubat,https://scrapeme.live/wp-content/uploads/2018/08/041-350x350.png,£125.00,https://scrapeme.live/shop/Zubat/
Golbat,https://scrapeme.live/wp-content/uploads/2018/08/042-350x350.png,£136.00,https://scrapeme.live/shop/Golbat/
Oddish,https://scrapeme.live/wp-content/uploads/2018/08/043-350x350.png,£45.00,https://scrapeme.live/shop/Oddish/
Gloom,https://scrapeme.live/wp-content/uploads/2018/08/044-350x350.png,£178.00,https://scrapeme.live/shop/Gloom/
Vileplume,https://scrapeme.live/wp-content/uploads/2018/08/045-350x350.png,£170.00,https://scrapeme.live/shop/Vileplume/
Paras,https://scrapeme.live/wp-content/uploads/2018/08/046-350x350.png,£168.00,https://scrapeme.live/shop/Paras/
Parasect,https://scrapeme.live/wp-content/uploads/2018/08/047-350x350.png,£27.00,https://scrapeme.live/shop/Parasect/
Venonat,https://scrapeme.live/wp-content/uploads/2018/08/048-350x350.png,£158.00,https://scrapeme.live/shop/Venonat/
Venomoth,https://scrapeme.live/wp-content/uploads/2018/08/049-350x350.png,£53.00,https://scrapeme.live/shop/Venomoth/
Diglett,https://scrapeme.live/wp-content/uploads/2018/08/050-350x350.png,£122.00,https://scrapeme.live/shop/Diglett/
Comfey,https://scrapeme.live/wp-content/uploads/2018/08/764-350x350.png,£28.00,https://scrapeme.live/shop/Comfey/
Oranguru,https://scrapeme.live/wp-content/uploads/2018/08/765-350x350.png,£139.00,https://scrapeme.live/shop/Oranguru/
Passimian,https://scrapeme.live/wp-content/uploads/2018/08/766-350x350.png,£182.00,https://scrapeme.live/shop/Passimian/
Wimpod,https://scrapeme.live/wp-content/uploads/2018/08/767-350x350.png,£137.00,https://scrapeme.live/shop/Wimpod/
Golisopod,https://scrapeme.live/wp-content/uploads/2018/08/768-350x350.png,£32.00,https://scrapeme.live/shop/Golisopod/
Sandygast,https://scrapeme.live/wp-content/uploads/2018/08/769-350x350.png,£131.00,https://scrapeme.live/shop/Sandygast/
Palossand,https://scrapeme.live/wp-content/uploads/2018/08/770-350x350.png,£187.00,https://scrapeme.live/shop/Palossand/
Pyukumuku,https://scrapeme.live/wp-content/uploads/2018/08/771-350x350.png,£97.00,https://scrapeme.live/shop/Pyukumuku/
Silvally,https://scrapeme.live/wp-content/uploads/2018/08/773-350x350.png,£133.00,https://scrapeme.live/shop/Silvally/
Komala,https://scrapeme.live/wp-content/uploads/2018/08/775-350x350.png,£65.00,https://scrapeme.live/shop/Komala/
Turtonator,https://scrapeme.live/wp-content/uploads/2018/08/776-350x350.png,£117.00,https://scrapeme.live/shop/Turtonator/
Togedemaru,https://scrapeme.live/wp-content/uploads/2018/08/777-350x350.png,£45.00,https://scrapeme.live/shop/Togedemaru/
Drampa,https://scrapeme.live/wp-content/uploads/2018/08/780-350x350.png,£133.00,https://scrapeme.live/shop/Drampa/
Jangmo-o,https://scrapeme.live/wp-content/uploads/2018/08/782-350x350.png,£107.00,https://scrapeme.live/shop/Jangmo-o/
Hakamo-o,https://scrapeme.live/wp-content/uploads/2018/08/783-350x350.png,£57.00,https://scrapeme.live/shop/Hakamo-o/
Kommo-o,https://scrapeme.live/wp-content/uploads/2018/08/784-350x350.png,£170.00,https://scrapeme.live/shop/Kommo-o/
Tapu-koko,https://scrapeme.live/wp-content/uploads/2018/08/785-350x350.png,£159.00,https://scrapeme.live/shop/Tapu-koko/
Tapu-lele,https://scrapeme.live/wp-content/uploads/2018/08/786-350x350.png,£62.00,https://scrapeme.live/shop/Tapu-lele/
Tapu-bulu,https://scrapeme.live/wp-content/uploads/2018/08/787-350x350.png,£165.00,https://scrapeme.live/shop/Tapu-bulu/
Tapu-fini,https://scrapeme.live/wp-content/uploads/2018/08/788-350x350.png,£123.00,https://scrapeme.live/shop/Tapu-fini/
Solgaleo,https://scrapeme.live/wp-content/uploads/2018/08/791-350x350.png,£125.00,https://scrapeme.live/shop/Solgaleo/
Lunala,https://scrapeme.live/wp-content/uploads/2018/08/792-350x350.png,£58.00,https://scrapeme.live/shop/Lunala/
Nihilego,https://scrapeme.live/wp-content/uploads/2018/08/793-350x350.png,£67.00,https://scrapeme.live/shop/Nihilego/
Buzzwole,https://scrapeme.live/wp-content/uploads/2018/08/794-350x350.png,£172.00,https://scrapeme.live/shop/Buzzwole/
Pheromosa,https://scrapeme.live/wp-content/uploads/2018/08/795-350x350.png,£62.00,https://scrapeme.live/shop/Pheromosa/
Xurkitree,https://scrapeme.live/wp-content/uploads/2018/08/796-350x350.png,£174.00,https://scrapeme.live/shop/Xurkitree/
Celesteela,https://scrapeme.live/wp-content/uploads/2018/08/797-350x350.png,£151.00,https://scrapeme.live/shop/Celesteela/
Kartana,https://scrapeme.live/wp-content/uploads/2018/08/798-350x350.png,£197.00,https://scrapeme.live/shop/Kartana/
Guzzlord,https://scrapeme.live/wp-content/uploads/2018/08/799-350x350.png,£73.00,https://scrapeme.live/shop/Guzzlord/
Necrozma,https://scrapeme.live/wp-content/uploads/2018/08/800-350x350.png,£68.00,https://scrapeme.live/shop/Necrozma/
Marshadow,https://scrapeme.live/wp-content/uploads/2018/08/802-350x350.png,£107.00,https://scrapeme.live/shop/Marshadow/
Poipole,https://scrapeme.live/wp-content/uploads/2018/08/803-350x350.png,£130.00,https://scrapeme.live/shop/Poipole/
